CustomerID,Age,AnnualIncome,AnnualSpending,PurchasesPerYear,WebsiteVisitsPerMonth
C001,56,109135,19751.0,19,19
C002,46,55222,23220.0,25,32
C003,32,97373,53185.0,26,1
C004,60,99575,60000.0,30,5
C005,25,116354,34719.0,29,4
C006,38,104651,23815.0,22,16
C007,56,83335,46373.0,26,24
C008,36,30965,19272.0,26,16
C009,40,44538,13967.0,22,2
C010,28,90592,13085.0,17,28
C011,28,118018,60000.0,20,32
C012,41,28110,9737.0,10,27
C013,53,99309,42394.0,6,20
C014,57,47266,30310.0,15,24
C015,41,72992,38884.0,22,12
C016,20,102948,58947.0,11,35
C017,39,118806,26147.0,28,33
C018,19,26910,11915.0,5,33
C019,41,110982,60000.0,1,37
C020,61,20206,4711.0,8,12
C021,47,107054,21113.0,21,3
C022,55,107897,60000.0,28,1
C023,19,43419,18503.0,12,33
C024,38,70636,17995.0,12,40
C025,50,70015,52336.0,5,10
C026,29,74268,53980.0,7,29
C027,39,107939,49010.0,4,13
C028,61,38141,25607.0,6,12
C029,42,100356,20717.0,13,31
C030,44,91910,24526.0,20,2
C031,59,76044,41766.0,30,35
C032,45,87214,56450.0,15,23
C033,33,53827,35189.0,3,17
C034,32,75820,26614.0,23,26
C035,64,82623,55754.0,8,8
C036,61,101734,60000.0,20,29
C037,20,95450,60000.0,16,26
C038,54,113426,60000.0,13,10
C039,24,42299,22343.0,18,26
C040,38,63585,29825.0,28,34
C041,26,84044,27687.0,10,7
C042,56,62557,44409.0,30,4
C043,35,69080,50591.0,19,11
C044,21,22693,6132.0,17,29
C045,42,115003,32729.0,24,36
C046,31,115259,46722.0,19,25
C047,26,89163,33922.0,28,21
C048,43,45939,34284.0,26,36
C049,19,68925,13638.0,23,10
C050,37,62941,5798.0,26,37
C051,45,41834,17190.0,5,9
C052,64,38047,7602.0,26,24
C053,24,46105,15009.0,21,35
C054,61,95766,55410.0,30,35
C055,25,35707,20104.0,23,36
C056,64,41976,12022.0,9,18
C057,52,64262,28500.0,12,39
C058,31,43776,18426.0,21,32
C059,34,50080,25358.0,1,24
C060,53,86842,21520.0,26,23
C061,57,81373,38670.0,26,32
C062,21,26776,19703.0,1,37
C063,19,112787,45805.0,15,12
C064,23,75016,51542.0,2,13
C065,59,29474,10936.0,30,23
C066,21,78053,24552.0,22,25
C067,46,41959,21492.0,16,35
C068,35,25530,13484.0,25,30
C069,43,114856,60000.0,8,17
C070,61,23748,5562.0,13,20
C071,51,117504,48701.0,21,25
C072,27,118098,54708.0,1,22
C073,53,33545,19957.0,16,13
C074,31,86199,9414.0,29,19
C075,48,54766,40875.0,7,36
C076,65,93530,36932.0,5,12
C077,32,113557,30354.0,22,19
C078,25,81087,54486.0,29,12
C079,31,115839,60000.0,23,9
C080,40,88840,60000.0,3,7
C081,57,74384,22434.0,12,28
C082,38,71005,31977.0,26,14
C083,33,66576,30854.0,16,31
C084,62,59353,43733.0,19,19
C085,35,82003,10700.0,5,16
C086,64,103211,29396.0,22,5
C087,41,72733,15122.0,25,35
C088,43,85318,22172.0,29,12
C089,42,109474,44352.0,14,25
C090,62,43664,14396.0,28,21
C091,58,87172,30026.0,5,36
C092,46,105616,60000.0,15,23
C093,32,113264,60000.0,17,16
C094,62,46736,5944.0,30,39
C095,18,114209,25123.0,14,39
C096,42,20854,11046.0,30,14
C097,24,110084,35259.0,20,31
C098,26,58623,14673.0,5,5
C099,41,27392,7611.0,12,35
C100,18,75680,22410.0,16,23
C101,61,66717,43273.0,26,29
C102,25,107092,18370.0,26,11
C103,41,70859,39325.0,16,18
C104,28,46309,20857.0,21,12
C105,34,107455,29944.0,7,9
C106,25,83734,30249.0,4,10
C107,52,90467,22767.0,1,17
C108,52,72662,35584.0,30,38
C109,50,118506,15959.0,30,7
C110,22,32688,2729.0,5,13
C111,59,45342,22702.0,23,40
C112,56,57157,12012.0,26,9
C113,58,87863,11205.0,10,27
C114,45,72083,24930.0,22,2
C115,24,85733,9775.0,5,5
C116,26,109045,60000.0,4,29
C117,25,54698,5388.0,2,37
C118,29,100623,47075.0,20,38
C119,51,42671,15949.0,10,19
C120,50,45184,23959.0,26,8
