Month,Sales
2024-01-01,9973.0
2024-02-01,11730.0
2024-03-01,14059.0
2024-04-01,15551.0
2024-05-01,16400.0
2024-06-01,17565.0
2024-07-01,15901.0
2024-08-01,13676.0
2024-09-01,13408.0
2024-10-01,12146.0
2024-11-01,14309.0
2024-12-01,15296.0
2025-01-01,17852.0
2025-02-01,17942.0
2025-03-01,21192.0
2025-04-01,23396.0
2025-05-01,21213.0
2025-06-01,21462.0
2025-07-01,21066.0
2025-08-01,18738.0
2025-09-01,19149.0
2025-10-01,18968.0
2025-11-01,19872.0
2025-12-01,20018.0
2026-01-01,22834.0
2026-02-01,25197.0
2026-03-01,27897.0
2026-04-01,27993.0
2026-05-01,29780.0
2026-06-01,25226.0
2026-07-01,26721.0
2026-08-01,24957.0
2026-09-01,27301.0
2026-10-01,23218.0
2026-11-01,23959.0
2026-12-01,25661.0
